Date,Campaign,Channel,Spend,Impressions,Clicks,Conversions
2026-08-01,Q3 Brand Awareness,Google Search Ads,1200,45000,1850,92
2026-08-03,B2B Enterprise LeadGen,LinkedIn Ads,2400,28000,920,44
2026-08-05,Retargeting Cart Abandoners,Meta Ads,850,52000,2100,118
2026-08-08,Cloud Native Summit Promo,Tech Newsletter,1500,65000,3400,85
2026-08-11,Q3 Brand Awareness,Google Search Ads,1350,48000,1980,105
2026-08-14,B2B Enterprise LeadGen,LinkedIn Ads,2900,31000,1050,58
2026-08-17,Retargeting Cart Abandoners,Meta Ads,920,54000,2250,132
2026-08-20,Product Launch AI Agent,Google Search Ads,1800,62000,2800,140
2026-08-24,Cloud Native Summit Promo,Tech Newsletter,1500,67000,3550,90
2026-08-28,B2B Enterprise LeadGen,LinkedIn Ads,3100,34000,1180,62
2026-09-01,Q3 Brand Awareness,Google Search Ads,1450,51000,2100,112
2026-09-05,Retargeting Cart Abandoners,Meta Ads,980,56000,2400,145
2026-09-09,Product Launch AI Agent,Google Search Ads,2100,71000,3200,168
2026-09-13,B2B Enterprise LeadGen,LinkedIn Ads,3300,36000,1290,71
2026-09-16,Cloud Native Summit Promo,Tech Newsletter,1500,68000,3600,95
